featureID,sequence,Kingdom,Phylum,Class,Order,Family,Genus,Species,Taxon
ASV001,GTAC,k__Bacteria,p__Bacteroidetes,c__c1,o__o1,f__f1,g__g1,s__s1,k__Bacteria;p__Bacteroidetes;c__c1;o__o1;f__f1;g__g1;s__s1
ASV002,CTGA,k__Bacteria,p__Bacteroidetes,c__c1,o__o1,f__f1,g__g1,s__s2,k__Bacteria;p__Bacteroidetes;c__c1;o__o1;f__f1;g__g1;s__s2
ASV003,AGGT,k__Bacteria,p__Bacteroidetes,c__c1,o__o1,f__f1,g__g1,s__s3,k__Bacteria;p__Bacteroidetes;c__c1;o__o1;f__f1;g__g1;s__s3
ASV004,AACT,k__Bacteria,p__Bacteroidetes,c__c1,o__o1,f__f1,g__g2,s__s4,k__Bacteria;p__Bacteroidetes;c__c1;o__o1;f__f1;g__g2;s__s4
ASV005,CCGT,k__Bacteria,p__Proteobacteria,c__c2,o__o2,f__f2,g__g3,s__s5,k__Bacteria;p__Proteobacteria;c__c2;o__o2;f__f2;g__g3;s__s5
ASV006,TATG,k__Bacteria,p__Proteobacteria,c__c2,o__o2,f__f2,g__g3,s__s6,k__Bacteria;p__Proteobacteria;c__c2;o__o2;f__f2;g__g3;s__s6
ASV007,CTGT,k__Bacteria,p__Proteobacteria,c__c2,o__o2,f__f2,g__g3,s__s7,k__Bacteria;p__Proteobacteria;c__c2;o__o2;f__f2;g__g3;s__s7
ASV008,ACAG,k__Bacteria,p__Proteobacteria,c__c3,o__o3,f__f3,g__g4,s__s8,k__Bacteria;p__Proteobacteria;c__c3;o__o3;f__f3;g__g4;s__s8
ASV009,GTAG,k__Bacteria,p__Proteobacteria,c__c3,o__o3,f__f3,g__g4,s__s9,k__Bacteria;p__Proteobacteria;c__c3;o__o3;f__f3;g__g4;s__s9
ASV010,GTGC,k__Bacteria,p__Firmicutes,c__c4,o__o4,f__f4,g__g5,s__s10,k__Bacteria;p__Firmicutes;c__c4;o__o4;f__f4;g__g5;s__s10
ASV011,AACT,k__Bacteria,p__Firmicutes,c__c4,o__o4,f__f4,g__g5,s__s11,k__Bacteria;p__Firmicutes;c__c4;o__o4;f__f4;g__g5;s__s11
ASV012,TGTC,k__Bacteria,p__Firmicutes,c__c4,o__o4,f__f4,g__g5,s__s12,k__Bacteria;p__Firmicutes;c__c4;o__o4;f__f4;g__g5;s__s12
ASV013,GCAC,k__Bacteria,p__Firmicutes,c__c4,o__o4,f__f4,g__g5,s__s13,k__Bacteria;p__Firmicutes;c__c4;o__o4;f__f4;g__g5;s__s13
ASV014,GTGA,k__Bacteria,p__Firmicutes,c__c5,o__o5,f__f5,g__g6,s__s14,k__Bacteria;p__Firmicutes;c__c5;o__o5;f__f5;g__g6;s__s14
ASV015,GAGA,k__Bacteria,p__Firmicutes,c__c5,o__o5,f__f5,g__g6,s__s15,k__Bacteria;p__Firmicutes;c__c5;o__o5;f__f5;g__g6;s__s15
ASV016,CTCT,k__Bacteria,p__Firmicutes,c__c5,o__o5,f__f5,g__g6,s__s16,k__Bacteria;p__Firmicutes;c__c5;o__o5;f__f5;g__g6;s__s16
ASV017,GCGC,k__Bacteria,p__Firmicutes,c__c5,o__o5,f__f5,g__g6,s__s17,k__Bacteria;p__Firmicutes;c__c5;o__o5;f__f5;g__g6;s__s17
ASV018,GAGT,k__Bacteria,p__Fusobacteria,c__c6,o__o6,f__f6,g__g7,s__s18,k__Bacteria;p__Fusobacteria;c__c6;o__o6;f__f6;g__g7;s__s18
ASV019,GTAC,k__Bacteria,p__Verrucombicrobia,c__c7,o__o7,f__f7,g__g8,s__s19,k__Bacteria;p__Verrucombicrobia;c__c7;o__o7;f__f7;g__g8;s__s19
ASV020,GGCA,k__Bacteria,p__Actinobacteria,c__c8,o__o8,f__f8,g__g9,s__s20,k__Bacteria;p__Actinobacteria;c__c8;o__o8;f__f8;g__g9;s__s20
ASV021,GGTA,k__Bacteria,p__Actinobacteria,c__c8,o__o8,f__f8,g__g9,s__s21,k__Bacteria;p__Actinobacteria;c__c8;o__o8;f__f8;g__g9;s__s21
ASV022,AAGC,k__Bacteria,p__Actinobacteria,c__c8,o__o8,f__f8,g__g9,s__s22,k__Bacteria;p__Actinobacteria;c__c8;o__o8;f__f8;g__g9;s__s22
ASV023,AAGT,k__Bacteria,p__Actinobacteria,c__c8,o__o8,f__f8,g__g9,s__s23,k__Bacteria;p__Actinobacteria;c__c8;o__o8;f__f8;g__g9;s__s23
ASV024,GGTC,k__Bacteria,p__Actinobacteria,c__c8,o__o8,f__f8,g__g9,s__s24,k__Bacteria;p__Actinobacteria;c__c8;o__o8;f__f8;g__g9;s__s24
ASV025,GGCT,k__Bacteria,p__Actinobacteria,c__c8,o__o8,f__f9,g__g10,s__s25,k__Bacteria;p__Actinobacteria;c__c8;o__o8;f__f9;g__g10;s__s25
ASV026,TTCA,k__Bacteria,p__Actinobacteria,c__c8,o__o8,f__f9,g__g10,s__s26,k__Bacteria;p__Actinobacteria;c__c8;o__o8;f__f9;g__g10;s__s26
ASV027,TTGT,k__Bacteria,p__Actinobacteria,c__c8,o__o8,f__f9,g__g10,s__s27,k__Bacteria;p__Actinobacteria;c__c8;o__o8;f__f9;g__g10;s__s27
ASV028,TACG,k__Bacteria,p__Actinobacteria,c__c8,o__o8,f__f9,g__g10,s__s28,k__Bacteria;p__Actinobacteria;c__c8;o__o8;f__f9;g__g10;s__s28
ASV029,CAGT,k__Bacteria,p__Actinobacteria,c__c8,o__o8,f__f9,g__g10,s__s29,k__Bacteria;p__Actinobacteria;c__c8;o__o8;f__f9;g__g10;s__s29
ASV030,CTGA,k__Bacteria,p__Actinobacteria,c__c8,o__o8,f__f9,g__g10,s__s30,k__Bacteria;p__Actinobacteria;c__c8;o__o8;f__f9;g__g10;s__s30